<?xml version='1.0' encoding='UTF-8'?>
<?artifactRepository version='1.1.0'?>
<repository name='file:/C:/Users/Wen/AnypointStudio/workspace/foo-connector/target/update-site/ - artifacts' type='org.eclipse.equinox.p2.artifact.repository.simpleRepository' version='1'>
  <properties size='2'>
    <property name='p2.timestamp' value='1470355651330'/>
    <property name='p2.compressed' value='false'/>
  </properties>
  <mappings size='3'>
    <rule filter='(&amp; (classifier=osgi.bundle))' output='${repoUrl}/plugins/${id}_${version}.jar'/>
    <rule filter='(&amp; (classifier=binary))' output='${repoUrl}/binary/${id}_${version}'/>
    <rule filter='(&amp; (classifier=org.eclipse.update.feature))' output='${repoUrl}/features/${id}_${version}.jar'/>
  </mappings>
  <artifacts size='2'>
    <artifact classifier='osgi.bundle' id='org.mule.tooling.ui.contribution.foo.3.5.0' version='1.0.0.201608041907'>
      <properties size='3'>
        <property name='artifact.size' value='316338'/>
        <property name='download.size' value='316338'/>
        <property name='download.md5' value='31d3bc189237651458fb58fcc86e789e'/>
      </properties>
    </artifact>
    <artifact classifier='org.eclipse.update.feature' id='org.mule.tooling.ui.extension.foo-connector.3.5.0' version='1.0.0.201608041907'>
      <properties size='4'>
        <property name='artifact.size' value='641'/>
        <property name='download.size' value='641'/>
        <property name='download.md5' value='0992cff2ada0eb7f346fbad739748f31'/>
        <property name='download.contentType' value='application/zip'/>
      </properties>
    </artifact>
  </artifacts>
</repository>
